P_A_P_EAvg1;P_A_P_EAvg2;P_A_P_EAvg3;P_A_P_EAvg4;P_A_P_EAvg5;P_A_P_EAvg6;P_A_P_EAvg7
43.5484589600001;109.9261074;204.116187;326.6980717;471.3273142;611.712464899999;6.88463380200001
-29.9482097000001;-74.7162492800001;-139.0585192;-220.7722439;-326.5413148;-480.6602671;-6.02203767800003
